ADCV818338LIPFMC29|EFUN614645IWRYX8GJ|Phelan H. Dillard|aun|Ap #388-1548 Neque Ave|8816363220
ADCV818338LIPFMC29|UOUW358333QCRZM3YT|Noble Z. Mclaughlin|aun|Ap #388-1548 Neque Ave|8816363220
AURE066280KDUVWU40|HGVX569745XWHID1AJ|Hope Mayo|aun|Ap #474-8185 Lobortis Street|6105015383
AURE066280KDUVWU40|PHRR178275CZWBN9BA|Tamekah K. Stewart|dad|Ap #474-8185 Lobortis Street|6105015383
AVHE847374YKLWAN50|LIRK671183HFNLW4QJ|Willa Pace|mom|P.O. Box 349, 5540 Ornare Road|7824543778
AVHE847374YKLWAN50|MVBR433575YIVUC6IM|Jane Guzman|unc|P.O. Box 349, 5540 Ornare Road|7824543778
AVHE847374YKLWAN50|WIAA332872VQJPQ8DN|Jeremy K. Fletcher|oth|P.O. Box 349, 5540 Ornare Road|7824543778
BFSV108491TILHPK56|JRZC599868MOJKW4DG|Anastasia Q. Shepard|aun|Ap #637-4986 Aliquam Rd.|2534992271
BFSV108491TILHPK56|PLPU887698KRQFG4JM|Hollee H. Willis|aun|Ap #637-4986 Aliquam Rd.|2534992271
BRNE382732WUGDRN32|ACFG698916TMVVZ9WI|Rylee G. Sellers|aun|P.O. Box 365, 5407 Ultrices Ave|7225674135
BRNE382732WUGDRN32|DFID389649VGFWY7AC|Emmanuel S. Noble|oth|P.O. Box 365, 5407 Ultrices Ave|7225674135
BRNE382732WUGDRN32|VXDE776494CWLOA6HV|Ivory Bauer|dad|P.O. Box 365, 5407 Ultrices Ave|7225674135
CEVO852867TJKFYG44|FSSW855688FWQBU9OT|Farrah Cochran|mom|795-5910 Suscipit, Ave|9574138039
CEVO852867TJKFYG44|IGCX915246NKSPF6TO|Shannon H. Haley|aun|795-5910 Suscipit, Ave|9574138039
CEVO852867TJKFYG44|TGYG688537MGSKB9GB|Cleo Carrillo|dad|795-5910 Suscipit, Ave|9574138039
CVLO611104EFVHAX43|WBNS695227HKKBF5FP|Ignatius S. Compton|mom|164-8422 At, Road|3801907387
CVLO611104EFVHAX43|YVQY861166CWUBC3ZF|Andrew J. Warren|unc|164-8422 At, Road|3801907387
DHQV923207WCHDZJ33|OBZH632117WOJGQ9UV|Astra G. Wilson|mom|1709 Nunc Rd.|2625614830
DHQV923207WCHDZJ33|UMLJ232533ZCCTB5BJ|Paul Mcintosh|unc|1709 Nunc Rd.|2625614830
DHQV923207WCHDZJ33|YIIV488969JLUKX4TJ|Quynn R. Drake|unc|1709 Nunc Rd.|2625614830
DQHP133834UAATBB86|UUKT915446LOHQB8GV|Nyssa Preston|unc|Ap #955-2656 Sit St.|5239922811
DQHP133834UAATBB86|XMQJ727151YDFVU3XO|Xanthus S. Brewer|unc|Ap #955-2656 Sit St.|5239922811
EZHN565046WCNVUB51|BFXF355417YNRKM7BO|Wyatt A. Mathis|mom|225-173 Erat, St.|5825808999
EZHN565046WCNVUB51|BMYD518431EMJFY1LF|Adena L. Evans|unc|225-173 Erat, St.|5825808999
EZHN565046WCNVUB51|VWMU834148TJMSC7BI|Kiayada Kaufman|aun|225-173 Erat, St.|5825808999
FJNU406177ZDHREA91|NUXW588234PTFMD7XI|Lane F. Gilbert|oth|8216 Eu Street|7772772450
FJNU406177ZDHREA91|OKXO174521NGTGQ8CY|Alea Owen|mom|8216 Eu Street|7772772450
GEBI818109XYJFLN96|DTNT516941KWFOT6SQ|Charde O. Peck|mom|8721 Vitae, St.|2516337930
GEBI818109XYJFLN96|LMVM774829ICPAU1TN|Naida E. Bradford|aun|8721 Vitae, St.|2516337930
GEBI818109XYJFLN96|XWLL591492ZYRPL9NC|Orson Petersen|aun|8721 Vitae, St.|2516337930
GMYA765450TLTNHE32|GDZL587445HTOLJ5WE|Donovan Nunez|aun|P.O. Box 785, 9291 Sed St.|6838262589
GMYA765450TLTNHE32|NRYC643985CIGAZ2KU|Katelyn Head|aun|P.O. Box 785, 9291 Sed St.|6838262589
GMYA765450TLTNHE32|USTP541639WSGFR7ZI|Jordan L. Mason|aun|P.O. Box 785, 9291 Sed St.|6838262589
GYOJ035878HXFIPJ97|KWGS555235GAYLW4VM|Lev Mcfadden|aun|Ap #853-974 Pretium Rd.|2288076902
GYOJ035878HXFIPJ97|OYZI486734CMOTU9SE|Ferdinand Wallace|unc|Ap #853-974 Pretium Rd.|2288076902
IEXY684999VZDOPB01|JOHL855287SWHZL4XH|Austin Combs|aun|7856 Semper Av.|8452247861
IEXY684999VZDOPB01|LKDD332142JBCRE1HL|Philip B. Whitaker|dad|7856 Semper Av.|8452247861
IEXY684999VZDOPB01|VUMA882747FUUNY2RD|Germane Moss|aun|7856 Semper Av.|8452247861
IKGO884820XCBXMN29|JREY561525FEWZA8YI|Brian Buck|oth|506-6488 Pretium Street|3324086594
IKGO884820XCBXMN29|LYZQ798387DGSJF9HY|Darryl V. Sandoval|unc|506-6488 Pretium Street|3324086594
IKGO884820XCBXMN29|MIBY337121HXQGD9VF|Isabelle U. Kennedy|aun|506-6488 Pretium Street|3324086594
INTE952169JJVGCD38|AARJ965915PXWFS9FN|Venus J. Welch|unc|4987 Accumsan St.|7855296989
INTE952169JJVGCD38|FDXV978234XFDEB5RF|Brian Woodard|aun|4987 Accumsan St.|7855296989
INTE952169JJVGCD38|JMSL721512YAFTK3XE|Demetria Church|unc|4987 Accumsan St.|7855296989
JCMX380786OIKKWZ35|AOSJ957922THRLH8FD|Brynn Morrow|oth|375-1709 Quam Ave|4667844970
JCMX380786OIKKWZ35|KGPK941746ETFWF5XK|Driscoll Y. Jefferson|unc|375-1709 Quam Ave|4667844970
JPWP565270YTZNNX46|VDQV872368GRVOJ6OO|Anika Mccarthy|unc|3058 Tincidunt Ave|8259066332
JPWP565270YTZNNX46|VEDB552896TBZZL1PX|Ori G. Salas|oth|3058 Tincidunt Ave|8259066332
JPWP565270YTZNNX46|ZMYF532324KNOZK3DP|Deacon W. Roach|oth|3058 Tincidunt Ave|8259066332
KHBP381587VYMCZR07|QPTY451317RWYLS5UK|Lenore W. Ryan|unc|7044 Lorem Rd.|4886878763
KHBP381587VYMCZR07|WCJP795967TKWWE9KU|Tatum V. Baker|unc|7044 Lorem Rd.|4886878763
MPKU117517SSHUXN51|HIDO164573MLPMD3XD|Risa Lane|unc|Ap #826-8094 Ut Rd.|4031515060
MPKU117517SSHUXN51|NDXF262752SNNGJ5IA|Jared I. Mcintyre|dad|Ap #826-8094 Ut Rd.|4031515060
MPKU117517SSHUXN51|YSOY533459YCBOL8ZH|Adara M. Frank|oth|Ap #826-8094 Ut Rd.|4031515060
MZHO124599UEMYHP20|URJZ583369FXWTR5VW|Rhoda Q. Olson|oth|P.O. Box 968, 9551 Mollis. St.|5819290252
MZHO124599UEMYHP20|WYCY153412NHQSM4FV|Avram Emerson|aun|P.O. Box 968, 9551 Mollis. St.|5819290252
MZHO124599UEMYHP20|ZYCL651422QBDRV6MU|Lani Bush|mom|P.O. Box 968, 9551 Mollis. St.|5819290252
NCOS398035PIFGEI19|JUCK596784SQYTU8UH|Christopher Z. Bond|oth|P.O. Box 745, 9179 Lectus. Rd.|7464954445
NCOS398035PIFGEI19|XQDA163574WZSFV4JZ|Karen Dorsey|mom|P.O. Box 745, 9179 Lectus. Rd.|7464954445
NTBG104976GFPBYM42|NHIR253931ILICV2YC|Merrill Z. Hodge|oth|P.O. Box 740, 9199 Nunc St.|1347304070
NTBG104976GFPBYM42|OUBE136714NGSTJ7QM|William Z. Marquez|oth|P.O. Box 740, 9199 Nunc St.|1347304070
NTBG104976GFPBYM42|ROCH114343XOIQI4NC|Dale Y. Jennings|oth|P.O. Box 740, 9199 Nunc St.|1347304070
NUXL595269GNZXJY40|KPXH631239SEAVB9DO|Rae W. Myers|unc|P.O. Box 303, 5436 Sit Rd.|5556718757
NUXL595269GNZXJY40|NVMN836859WSIXU1UF|Ulric R. Wright|dad|P.O. Box 303, 5436 Sit Rd.|5556718757
PQSN921058EHISWM18|LCYU646675WEAUT6XK|Quynn Mclaughlin|unc|511-6583 Justo Rd.|2581432966
PQSN921058EHISWM18|PXWS593465CAMES3VG|Jael W. Wells|mom|511-6583 Justo Rd.|2581432966
PQSN921058EHISWM18|RUUP337115NSNSL1OM|Cullen E. Perkins|unc|511-6583 Justo Rd.|2581432966
PRJG268171PADLWN31|BYLW415827PJAHX7BI|Althea Hurst|unc|Ap #996-8517 Eu Rd.|4741145709
PRJG268171PADLWN31|GXIT945919SQTTY4IX|Rajah Beck|unc|Ap #996-8517 Eu Rd.|4741145709
PRJG268171PADLWN31|MITU771592YENWN2IL|Wing Puckett|unc|Ap #996-8517 Eu Rd.|4741145709
QUQQ181786INSBAN32|DJYX315736MEZDB6JG|Francis H. Norris|dad|2081 Elit. St.|4865514001
QUQQ181786INSBAN32|RHTD925667IUTZC1UZ|Brielle Good|unc|2081 Elit. St.|4865514001
QYOY989122GYSVXH28|RQFY997298EXWXJ1FS|Germane W. Durham|unc|816-7318 Aliquet Street|6655318923
QYOY989122GYSVXH28|XKPP916494NXXEN1ZK|Theodore D. Pate|aun|816-7318 Aliquet Street|6655318923
RRTZ500667PBIERU62|VIBB652954LFGEQ2ZH|Isaac Curtis|aun|3314 Rutrum St.|6968319657
RRTZ500667PBIERU62|XJWK746486YVWNK9LB|Chester Howard|oth|3314 Rutrum St.|6968319657
SIIX735585HUFURS51|UAVL321542KARYB5EC|Maya E. Horne|aun|4291 Et Ave|8457451708
SIIX735585HUFURS51|VSOE447271YKWIX5JZ|Mollie J. Chan|oth|4291 Et Ave|8457451708
TKGF096345RVWHYQ42|FMQG442463CVTHA9BO|Ariel Pearson|mom|Ap #502-3942 Nisl. Av.|1899376391
TKGF096345RVWHYQ42|VZOD945284IHVBB7FQ|Xanthus Garner|mom|Ap #502-3942 Nisl. Av.|1899376391
UVBB269453TOPUVN85|CCXZ483138BHHYW1TZ|Courtney R. Goodman|unc|979 Nibh Road|8237629503
UVBB269453TOPUVN85|FEEV869894GZDOL8VU|Herman Y. Christian|mom|979 Nibh Road|8237629503
UVBB269453TOPUVN85|TUEO766668DNMFW5AO|Mechelle Garrett|oth|979 Nibh Road|8237629503
VFUV723876FBTRHK90|JXAY171279TIQZM5PE|MacKenzie R. Graves|mom|582-7184 Class Av.|3244820232
VFUV723876FBTRHK90|SMYS276714VMJSJ4TY|Alfreda V. Melton|mom|582-7184 Class Av.|3244820232
VSZZ681504BGBGZG89|MMDM296329ECDOX8BY|Sharon Jackson|unc|P.O. Box 518, 1976 Tellus St.|2994381940
VSZZ681504BGBGZG89|WERN326128XXCBL3LS|Dolan Britt|aun|P.O. Box 518, 1976 Tellus St.|2994381940
VYER204569MIGZTB82|QEPA416922MBVDI8UC|Shelby Sanchez|aun|706 Mauris Street|5905765325
VYER204569MIGZTB82|RRID139395TCRGI6US|Reece Hale|aun|706 Mauris Street|5905765325
ZBSZ645096FTXAOA39|JGSD839333TYVBQ8YI|Maia I. Marks|aun|P.O. Box 441, 1358 Venenatis St.|5204980795
ZBSZ645096FTXAOA39|MJFL252598WYFUH7LE|Renee T. Hatfield|unc|P.O. Box 441, 1358 Venenatis St.|5204980795
ZCYK166986ZRTLSJ89|IONK373817PGJKD2GZ|Nero A. Phelps|mom|193-5649 Sed St.|1559287690
ZCYK166986ZRTLSJ89|KUUZ796951CWWXA6FK|Carter Barker|dad|193-5649 Sed St.|1559287690
ZCYK166986ZRTLSJ89|PNXM234465UYTPF1BH|Chanda R. Case|unc|193-5649 Sed St.|1559287690
ZPIE889914JKDCBP96|ABWC575176HJJPJ5MF|Mara M. Weiss|mom|Ap #165-8751 Fusce Street|9774043322
ZPIE889914JKDCBP96|COTB793367XHZRE5BR|Kimberley F. Richard|oth|Ap #165-8751 Fusce Street|9774043322
ZPIE889914JKDCBP96|XKJJ871756TEEWC8MU|Eleanor E. Franklin|unc|Ap #165-8751 Fusce Street|9774043322
ZVPP860900AWHCVZ51|CSQI817879MMGES6RB|Michael Tillman|mom|Ap #328-8169 Libero Ave|6243276079
ZVPP860900AWHCVZ51|SDZZ628743ZZLFK4CO|Clark Newman|oth|Ap #328-8169 Libero Ave|6243276079
ZVPP860900AWHCVZ51|WZHJ979941RSVQR1EV|Daryl R. Strong|unc|Ap #328-8169 Libero Ave|6243276079