1A|BMYD518431EMJFY1LF
1A|FDXV978234XFDEB5RF
1A|VSOE447271YKWIX5JZ
1A|FMQG442463CVTHA9BO
1A|MIBY337121HXQGD9VF
1A|AARJ965915PXWFS9FN
1A|UAVL321542KARYB5EC
1A|VZOD945284IHVBB7FQ
1A|VWMU834148TJMSC7BI
1A|ZMYF532324KNOZK3DP
1L|VUMA882747FUUNY2RD
1L|OKXO174521NGTGQ8CY
1L|QPTY451317RWYLS5UK
1L|WZHJ979941RSVQR1EV
1L|NUXW588234PTFMD7XI
1L|JUCK596784SQYTU8UH
1L|ZYCL651422QBDRV6MU
1L|OBZH632117WOJGQ9UV
1S|VDQV872368GRVOJ6OO
1S|PHRR178275CZWBN9BA
1S|MIBY337121HXQGD9VF
1S|NVMN836859WSIXU1UF
1S|JREY561525FEWZA8YI
1S|ZMYF532324KNOZK3DP
1U|YSOY533459YCBOL8ZH
1U|QEPA416922MBVDI8UC
1U|RQFY997298EXWXJ1FS
1U|PNXM234465UYTPF1BH
1U|WYCY153412NHQSM4FV
1U|FSSW855688FWQBU9OT
1U|XJWK746486YVWNK9LB
1U|YVQY861166CWUBC3ZF
1U|EFUN614645IWRYX8GJ
1U|BYLW415827PJAHX7BI
1U|FEEV869894GZDOL8VU
1U|XWLL591492ZYRPL9NC
2U|YSOY533459YCBOL8ZH
2U|WBNS695227HKKBF5FP
2U|WERN326128XXCBL3LS
2U|ROCH114343XOIQI4NC
2U|PNXM234465UYTPF1BH
2U|FSSW855688FWQBU9OT
2U|XJWK746486YVWNK9LB
2U|PXWS593465CAMES3VG
2U|KUUZ796951CWWXA6FK
2U|LIRK671183HFNLW4QJ
2U|BYLW415827PJAHX7BI
2U|XWLL591492ZYRPL9NC
3G|TUEO766668DNMFW5AO
3G|ROCH114343XOIQI4NC
3G|WYCY153412NHQSM4FV
3G|GDZL587445HTOLJ5WE
3G|JGSD839333TYVBQ8YI
3G|LIRK671183HFNLW4QJ
3G|FEEV869894GZDOL8VU
3G|LKDD332142JBCRE1HL
3J|IGCX915246NKSPF6TO
3J|TUEO766668DNMFW5AO
3J|VIBB652954LFGEQ2ZH
3J|RQFY997298EXWXJ1FS
3J|WERN326128XXCBL3LS
3J|LCYU646675WEAUT6XK
3J|DTNT516941KWFOT6SQ
3J|JGSD839333TYVBQ8YI
3J|AOSJ957922THRLH8FD
3J|EFUN614645IWRYX8GJ
3J|KUUZ796951CWWXA6FK
3J|COTB793367XHZRE5BR
3P|MVBR433575YIVUC6IM
3P|KWGS555235GAYLW4VM
3P|DJYX315736MEZDB6JG
3P|QPTY451317RWYLS5UK
3P|OYZI486734CMOTU9SE
3P|UUKT915446LOHQB8GV
3P|CSQI817879MMGES6RB
3P|ZYCL651422QBDRV6MU
4T|VXDE776494CWLOA6HV
4T|VUMA882747FUUNY2RD
4T|WBNS695227HKKBF5FP
4T|UOUW358333QCRZM3YT
4T|PNXM234465UYTPF1BH
4T|DFID389649VGFWY7AC
4T|NDXF262752SNNGJ5IA
4T|NUXW588234PTFMD7XI
4T|PXWS593465CAMES3VG
4T|TGYG688537MGSKB9GB
4T|BYLW415827PJAHX7BI
4T|HIDO164573MLPMD3XD
5K|NRYC643985CIGAZ2KU
5K|MJFL252598WYFUH7LE
5K|XMQJ727151YDFVU3XO
5K|WYCY153412NHQSM4FV
5K|JOHL855287SWHZL4XH
5K|WCJP795967TKWWE9KU
5K|NHIR253931ILICV2YC
5K|FEEV869894GZDOL8VU
8A|YIIV488969JLUKX4TJ
8A|KWGS555235GAYLW4VM
8A|XQDA163574WZSFV4JZ
8A|WZHJ979941RSVQR1EV
8A|SMYS276714VMJSJ4TY
8A|UUKT915446LOHQB8GV
8A|USTP541639WSGFR7ZI
8A|OBZH632117WOJGQ9UV
8P|IONK373817PGJKD2GZ
8P|ABWC575176HJJPJ5MF
8P|LMVM774829ICPAU1TN
8P|WBNS695227HKKBF5FP
8P|KGPK941746ETFWF5XK
8P|WZHJ979941RSVQR1EV
8P|GXIT945919SQTTY4IX
8P|RRID139395TCRGI6US
8P|XKPP916494NXXEN1ZK
8P|PXWS593465CAMES3VG
8P|ACFG698916TMVVZ9WI
8P|OBZH632117WOJGQ9UV
8S|IONK373817PGJKD2GZ
8S|MITU771592YENWN2IL
8S|KWGS555235GAYLW4VM
8S|UOUW358333QCRZM3YT
8S|LCYU646675WEAUT6XK
8S|DFID389649VGFWY7AC
8S|GXIT945919SQTTY4IX
8S|PLPU887698KRQFG4JM
8S|UUKT915446LOHQB8GV
8S|TGYG688537MGSKB9GB
8S|COTB793367XHZRE5BR
8S|HIDO164573MLPMD3XD
9O|MJFL252598WYFUH7LE
9O|XMQJ727151YDFVU3XO
9O|ROCH114343XOIQI4NC
9O|WZHJ979941RSVQR1EV
9O|WCJP795967TKWWE9KU
9O|NHIR253931ILICV2YC
9O|LIRK671183HFNLW4QJ
9O|OBZH632117WOJGQ9UV
9U|LYZQ798387DGSJF9HY
9U|VDQV872368GRVOJ6OO
9U|MIBY337121HXQGD9VF
9U|VEDB552896TBZZL1PX
9U|NVMN836859WSIXU1UF
9U|ZMYF532324KNOZK3DP