Curp|Name|Address|Email|Mobile|Phone|Job|JobTelephone
ADCV818338LIPFMC29|Cairo Chaney|Ap #388-1548 Neque Ave|mi.tempor@mifelis.com|0138346865|8816363220||
AURE066280KDUVWU40|Yasir C. Blevins|Ap #474-8185 Lobortis Street|penatibus@natoquepenatibuset.co.uk|0164665091|6105015383||
AVHE847374YKLWAN50|Kim K. Oneill|P.O. Box 349, 5540 Ornare Road|vel@penatibus.net|0767148888|7824543778||
BFSV108491TILHPK56|Stuart Hoffman|Ap #637-4986 Aliquam Rd.|at@feugiatLoremipsum.org|0014849473|2534992271||
BRNE382732WUGDRN32|Garrison X. Nash|P.O. Box 365, 5407 Ultrices Ave|Sed@semegetmassa.net|0462162135|7225674135||
CEVO852867TJKFYG44|Adena Grant|795-5910 Suscipit, Ave|justo.eu@dictumProineget.net|0364520293|9574138039||
CVLO611104EFVHAX43|Logan L. Lang|164-8422 At, Road|eget.massa.Suspendisse@ProinmiAliquam.edu|0014770460|3801907387||
DHQV923207WCHDZJ33|Trevor B. Levy|1709 Nunc Rd.|ac.facilisis@miDuisrisus.edu|0811392340|2625614830||
DQHP133834UAATBB86|Britanni W. Hoover|Ap #955-2656 Sit St.|egestas.blandit.Nam@venenatis.net|0867167583|5239922811||
EZHN565046WCNVUB51|Rashad Perry|225-173 Erat, St.|augue.eu.tellus@turpis.co.uk|0434570096|5825808999||
FJNU406177ZDHREA91|Heidi Cook|8216 Eu Street|Aliquam.tincidunt@eumetus.co.uk|0024840429|7772772450||
GEBI818109XYJFLN96|Bradley D. Gates|8721 Vitae, St.|orci@Sedeu.net|0209262544|2516337930||
GMYA765450TLTNHE32|Ava P. Suarez|P.O. Box 785, 9291 Sed St.|aliquet.magna@lectus.net|0964273895|6838262589||
GYOJ035878HXFIPJ97|Yael Rios|Ap #853-974 Pretium Rd.|ligula@sed.com|0142565192|2288076902||
IEXY684999VZDOPB01|Athena Lee|7856 Semper Av.|fermentum.convallis@Vestibulumanteipsum.ca|0271195885|8452247861||
IKGO884820XCBXMN29|Addison B. Olsen|506-6488 Pretium Street|varius.Nam.porttitor@inmolestietortor.edu|0647878155|3324086594||
INTE952169JJVGCD38|Justine Z. Willis|4987 Accumsan St.|libero.nec.ligula@ascelerisquesed.com|0099887719|7855296989||
JCMX380786OIKKWZ35|Hedwig Daniel|375-1709 Quam Ave|Pellentesque.ut@ornareelitelit.edu|0535990037|4667844970||
JPWP565270YTZNNX46|Merrill Clarke|3058 Tincidunt Ave|sem@odiosemper.net|0319576052|8259066332||
KHBP381587VYMCZR07|Yoshi Z. Hammond|7044 Lorem Rd.|enim.mi@Phasellusin.co.uk|0409549449|4886878763||
MPKU117517SSHUXN51|Mannix E. Burgess|Ap #826-8094 Ut Rd.|diam.nunc@Quisquetincidunt.com|0026534883|4031515060||
MZHO124599UEMYHP20|Natalie Wynn|P.O. Box 968, 9551 Mollis. St.|Sed.malesuada.augue@aptenttacitisociosqu.ca|0607993773|5819290252||
NCOS398035PIFGEI19|Tyler Y. Edwards|P.O. Box 745, 9179 Lectus. Rd.|a@eleifendnuncrisus.ca|0977895923|7464954445||
NTBG104976GFPBYM42|Michelle E. Albert|P.O. Box 740, 9199 Nunc St.|Praesent.luctus.Curabitur@Aliquamerat.net|0684001896|1347304070||
NUXL595269GNZXJY40|Irene U. Lynn|P.O. Box 303, 5436 Sit Rd.|eu.erat@magnaseddui.co.uk|0747245651|5556718757||
PQSN921058EHISWM18|Ginger Valdez|511-6583 Justo Rd.|torquent.per@interdum.ca|0043498056|2581432966||
PRJG268171PADLWN31|Hayden Faulkner|Ap #996-8517 Eu Rd.|lobortis@NulladignissimMaecenas.org|0565432967|4741145709||
QUQQ181786INSBAN32|Chester Ratliff|2081 Elit. St.|congue.In.scelerisque@aodio.edu|0135296723|4865514001||
QYOY989122GYSVXH28|Laith D. Harvey|816-7318 Aliquet Street|libero.Integer.in@ornaretortorat.co.uk|0552572353|6655318923||
RRTZ500667PBIERU62|Tashya G. Morgan|3314 Rutrum St.|dictum@posuere.ca|0561430566|6968319657||
SIIX735585HUFURS51|Willow B. Phelps|4291 Et Ave|neque.venenatis.lacus@estNunc.net|0247623599|8457451708||
TKGF096345RVWHYQ42|Latifah Richards|Ap #502-3942 Nisl. Av.|ultricies.dignissim@sociisnatoque.ca|0833557639|1899376391||
UVBB269453TOPUVN85|George Blair|979 Nibh Road|neque.sed.dictum@iaculis.ca|0940370219|8237629503||
VFUV723876FBTRHK90|Nichole Christensen|582-7184 Class Av.|sagittis.Duis@semperpretium.edu|0655483964|3244820232||
VSZZ681504BGBGZG89|Aurelia N. Powers|P.O. Box 518, 1976 Tellus St.|urna.Nullam.lobortis@vel.com|0629623846|2994381940||
VYER204569MIGZTB82|Faith L. Baldwin|706 Mauris Street|ac.risus@Aliquamultrices.ca|0894114052|5905765325||
ZBSZ645096FTXAOA39|Yardley N. Benjamin|P.O. Box 441, 1358 Venenatis St.|magnis.dis@Curabitur.net|0281912591|5204980795||
ZCYK166986ZRTLSJ89|Lane Smith|193-5649 Sed St.|hendrerit.Donec@sagittissemperNam.net|0982126262|1559287690||
ZPIE889914JKDCBP96|Nora N. Holland|Ap #165-8751 Fusce Street|Fusce@gravidamaurisut.ca|0478767437|9774043322||
ZVPP860900AWHCVZ51|Preston V. Clay|Ap #328-8169 Libero Ave|pede.malesuada@ultricesposuerecubilia.com|0269841293|6243276079||