ABKZ607668NVIQTL64|Ulla Stout|614-9864 Metus St.|penatibus.et@Fusce.org|0259591233|2269749034|P
BDXG908755XQOWFL65|Graham I. Hunt|4132 Eu Av.|Vivamus.euismod.urna@sempereratin.com|0737624034|9666428808|A
BIGH982877PMLDOD14|Fletcher A. Blackwell|P.O. Box 410, 5525 Consectetuer Rd.|purus.mauris@sed.ca|0275644003|6335656849|A
CAGY912641AZLEFW97|Zelenia E. Peterson|809 Magnis Ave|malesuada.fringilla.est@primis.ca|0135541252|3684633012|A
CGCC962368QOZVWG01|Iola R. Figueroa|292-5547 Odio. Rd.|Nunc.quis.arcu@tincidunt.edu|0113203515|2308161206|A
CIBY457198YTWKRU65|Benedict H. Paul|P.O. Box 377, 1776 Libero. Rd.|diam.Pellentesque@Praesenteunulla.com|0818980771|2899729854|P
DIHO215206MXLITH46|Tobias Q. Moon|3184 Auctor St.|eu@est.net|0497612116|4674424775|P
DNEY145989MBPSYA98|Elizabeth Alvarado|835-458 Cum Avenue|mollis.lectus.pede@turpisvitaepurus.edu|0732191076|8457882062|P
DORD624610QZZEVN99|Whitney G. Ball|770-6722 Est St.|ante.blandit.viverra@arcuSedeu.net|0208353883|1476367123|P
DPUT562123IZFUWF82|Sydnee I. Glenn|833-8435 Dictum. Rd.|Quisque.ornare.tortor@aliquetProinvelit.net|0049804783|5432793047|P
ECHH244928PZSWKV39|Whilemina E. Waters|P.O. Box 497, 8187 Elit Rd.|mollis.non@Vestibulumante.org|0584505436|3935917979|P
EEQK651848EJOLQH20|Melanie C. Mcmahon|289-7586 Pede Rd.|cursus.a@Cras.net|0889149722|8014836688|P
EJLT584234JIWUNZ66|Tad Owens|481-5545 Maecenas Road|mi.Duis.risus@rutrumFusce.org|0689739785|8381569380|P
ETUQ990265LNNWPY72|Odysseus T. Wade|287-5801 Neque Road|pellentesque.a@facilisisloremtristique.ca|0234303453|5021998354|P
EVDI600621MLNQSE58|Lesley Sweet|3546 Integer Av.|dolor@dui.ca|0032894654|1437797157|P
FQDF611407XWAOJV15|Ira Fischer|2186 Donec Ave|eu.tellus@iaculis.org|0261046411|3481875167|A
FRQI281577CHOHHF74|Benjamin H. Dudley|881-766 Nullam Street|velit.dui.semper@etmagnisdis.edu|0222115319|4055461445|A
GLBQ347762JXVITH87|Brenden Patterson|P.O. Box 476, 3591 Eu Street|vel.arcu.Curabitur@suscipitnonummy.org|0288105994|7073928185|P
GPOH688031GWKBOH56|Georgia Robinson|7394 Dictum Road|vitae.risus.Duis@vulputateeu.net|0286572208|7403115000|A
JJVE136274OLPMEL24|Idona Pugh|Ap #826-7153 Eros Ave|cursus@enim.com|0221059199|7402613489|P
JNKE968528OEMZYM38|Cassidy O. Gutierrez|341-7979 Volutpat. Av.|Etiam@lacusMauris.co.uk|0171105380|1856356252|P
JNNQ826169BUNXKL61|Conan M. Hartman|Ap #443-9751 Nec Ave|luctus.ipsum.leo@idrisus.co.uk|0634752805|6465357920|P
JSVS640375CPZCRZ32|Ahmed K. Miles|Ap #894-7750 Lectus Rd.|dapibus.gravida.Aliquam@et.edu|0178327795|4923519365|A
JTPZ591601KTIOCR66|Darrel Morales|898-7031 Sed Street|eu@nonlorem.com|0976869041|5209383880|A
KIPA071118JDCXEI12|Benedict J. Barry|934-7196 Mollis. Rd.|sed@egetmassa.ca|0977176874|1293103320|P
KNGP189491BHTZLA30|May Parsons|P.O. Box 345, 8207 Vitae Rd.|nonummy.ultricies@netus.org|0572548136|2835249770|P
LQAZ618289TPRPBN24|Cameran Z. Sandoval|P.O. Box 547, 7447 Volutpat St.|lacus.Etiam@vitae.ca|0615914530|3748054358|A
MEOZ678597VCQSVE52|Vernon P. Arnold|Ap #507-7719 Ornare, Street|feugiat.tellus@acurnaUt.org|0847833363|5121157535|P
MNLC734351MZADVO74|Jack Pruitt|841-9838 Massa Rd.|cursus@eteuismod.co.uk|0052584787|4452107643|A
MQOH811809QICFJX12|Timothy T. Horn|Ap #966-7558 Blandit Av.|tempor.arcu.Vestibulum@metusIn.ca|0542882152|7004187661|P
MXRG109651SGRCVR02|Darrel Woodard|P.O. Box 521, 7218 Nulla Rd.|nulla@quamCurabiturvel.ca|0996742892|7316942211|P
NALN034292LJENRD50|Fleur Z. Bean|9837 Ante. Avenue|netus@Crassed.co.uk|0420085315|1722910885|P
NFLZ986120WLUAWZ85|Latifah F. Spencer|6889 Dolor. Rd.|Cras.eget@pharetranibhAliquam.org|0354192393|4756595479|P
OHGG168545UFKZWK25|Quinn D. Moody|Ap #725-2319 Nulla Street|a.feugiat.tellus@etarcuimperdiet.com|0509466054|7033908570|P
PFGI274811RPCQCM60|Cameron D. Fuentes|420-7484 Aliquet Road|sagittis.Duis@Duisgravida.co.uk|0402092413|2553245175|P
PHTJ535568KKRFRB63|Barclay Newton|Ap #353-1928 Consequat Ave|malesuada.vel@elitpharetraut.net|0461367378|8519865494|A
QBZC260103AKKGLQ33|Tucker Dale|4970 Cum Rd.|Lorem.ipsum.dolor@erosnon.co.uk|0441101169|1428545269|P
QESU380654ENPNFC49|Kelly I. Cantu|Ap #867-4218 Arcu Street|Proin.ultrices.Duis@velsapienimperdiet.net|0275535625|6453705888|P
QUES303973KNFCRX18|Yael Cochran|8517 Lacus. Av.|sapien.Nunc@risus.org|0193702724|3072101763|P
QXLG177972LXKGXX93|Noel H. Knight|Ap #792-7152 Class Av.|vel@facilisisSuspendissecommodo.org|0664553397|5001745660|P
RDCY650001WIPEDM66|Francesca Talley|Ap #350-1091 Quisque Av.|sed.libero@semper.co.uk|0750671318|9851169572|P
RNEB387911JEAEEM84|Megan Rosales|P.O. Box 666, 922 Phasellus Rd.|pede.ac@lectusrutrumurna.ca|0248050957|1441530086|P
RQRB695904UPOISW31|Ryan Boone|Ap #657-9030 Tempor Avenue|egestas@atarcuVestibulum.co.uk|0437357179|9381095670|A
RULF435403YOHOZF09|Amity Collier|343-8728 Massa. Avenue|placerat.Cras@euaugue.org|0505748796|5131835350|P
SAMR725355QKPIXH90|Nadine Black|Ap #164-4530 Mauris Road|consequat.purus.Maecenas@auctor.edu|0833779116|9508764142|A
SMHQ791666EPFGVY50|Kaden Q. Hansen|299-9970 Congue St.|non.enim@Nullamutnisi.co.uk|0304863964|9287887030|P
TPIG882507TQQPLA45|Lane Ayers|P.O. Box 511, 8806 In Ave|semper@interdumliberodui.edu|0085065265|8859033169|A
TQRF522341RGBPWE90|Brent Bowen|3196 Vitae Ave|aliquet@dictumultricies.net|0689845915|5791242136|P
TWZR029759LNJRHD00|Caryn F. Perkins|799-9669 Conubia Rd.|ullamcorper.nisl.arcu@consequat.co.uk|0451724087|5004569743|P
VMOU741869HDWHVP80|Emma Boyd|P.O. Box 934, 6362 Eleifend. Street|sed.est.Nunc@Vivamusnibh.net|0505155659|1605333430|P
VWEA666263OHTWMA59|Graham Castillo|Ap #247-1445 Ante St.|lacus.Etiam@Sedauctor.edu|0072878856|1418762188|P
VWHS527715JBWSVH27|Yoshi Anthony|Ap #922-9225 Feugiat. Rd.|accumsan.neque.et@Mauris.net|0678240967|7408377141|A
WHQM915366DOZAVY26|Sara R. Maynard|699 Ligula Street|ipsum@nibhdolor.net|0403882813|1745349273|P
WJLF457516JPBIRK04|Shelley Page|298-1404 Praesent Av.|massa.non@telluslorem.ca|0813138516|3859316318|P
WNHP638525UXUVDA20|Brianna Bradford|P.O. Box 412, 4351 Nullam Ave|vitae@convalliserateget.com|0784487771|9844551902|A
WYNF875242RIGKPT59|Uta Joyce|P.O. Box 389, 6781 Morbi Av.|ut.erat@a.net|0323891120|7885884179|A
XBCQ421536JEINUA19|Margaret Z. Hendricks|9813 Sem, Ave|vitae.purus@sodalespurus.net|0191454663|4408600320|P
YKNZ254199YPMTCF46|Rama D. Gutierrez|2712 Sit Rd.|accumsan.laoreet.ipsum@ametmetusAliquam.com|0218652882|2042171920|P
YOMM995804RHSLGO00|Grant Beck|Ap #251-9703 Nibh Av.|mi@arcuVestibulumante.co.uk|0501620883|5048019285|A
ZGHA997725IOUCWY25|Colorado A. Tran|P.O. Box 819, 4076 Egestas. Ave|consectetuer.mauris@auctor.com|0394710239|3254647549|P